author_handle,month,score,count,retweet_mean,retweet_sum,reply_mean,reply_sum,like_mean,like_sum,quote_mean,quote_sum
ABC,1,0,2830,230.49257950530034,652294,52.92402826855124,149775,443.63604240282683,1255490,45.43992932862191,128595
ABC,1,1,243,849.551440329218,206441,68.90534979423869,16744,1717.8312757201645,417433,106.60493827160494,25905
ABC,2,0,2413,217.83257355988397,525630,65.65105677579776,158416,439.0982179859096,1059544,44.74678823041857,107974
ABC,2,1,235,624.9702127659574,146868,79.15744680851064,18602,1276.7446808510638,300035,110.38723404255319,25941
ABC,3,0,2565,195.59220272904483,501694,58.333333333333336,149625,377.4233918128655,968091,39.61910331384016,101623
ABC,3,1,167,190.1676646706587,31758,55.73652694610779,9308,430.23353293413174,71849,52.035928143712574,8690
ABC,4,0,2302,180.91529105125977,416467,49.5868809730669,114149,333.74500434404865,768281,42.631190269331015,98137
ABC,4,1,160,346.09375,55375,39.7875,6366,625.6625,100106,60.2625,9642
ABC,5,0,2473,184.83906186817632,457107,49.887585928022645,123372,368.69672462596037,911787,34.62515163768702,85628
ABC,5,1,164,214.03048780487805,35101,52.0609756097561,8538,470.4573170731707,77155,53.359756097560975,8751
ABC,6,0,2404,157.7940931780366,379337,54.796173044925126,131730,315.91638935108153,759463,31.27079866888519,75175
ABC,6,1,154,565.4350649350649,87077,66.53896103896103,10247,1201.1948051948052,184984,130.42857142857142,20086
ABC,7,0,2184,153.01190476190476,334178,53.71932234432234,117323,320.57554945054943,700137,35.36080586080586,77228
ABC,7,1,140,256.1642857142857,35863,59.142857142857146,8280,812.5357142857143,113755,59.49285714285714,8329
ABC,8,0,2323,242.01808006887646,562208,66.22255703831253,153835,505.1588463194145,1173484,48.993973310374514,113813
ABC,8,1,218,246.87155963302752,53818,57.825688073394495,12606,621.3807339449542,135461,38.293577981651374,8348
ABC,9,0,2337,256.62644415917845,599736,64.56653829696192,150892,505.3620025673941,1181031,56.39281129653402,131790
ABC,9,1,151,230.40397350993376,34791,53.13245033112583,8023,568.3907284768212,85827,33.728476821192054,5093
ABC,10,0,2337,199.27257167308514,465700,70.69790329482242,165221,418.73127941805734,978575,45.09627727856226,105390
ABC,10,1,174,322.367816091954,56092,88.6264367816092,15421,800.3908045977012,139268,98.39655172413794,17121
ABC,11,0,2277,188.3719806763285,428923,62.88801054018445,143196,415.5682916117699,946249,57.735617039964865,131464
ABC,11,1,271,203.1549815498155,55055,63.4760147601476,17202,645.5977859778598,174957,60.94833948339483,16517
ABC,12,0,2194,196.6390154968095,431426,64.5123062898815,141540,505.6636280765725,1109426,43.17912488605287,94735
ABC,12,1,367,245.64032697547685,90150,67.63215258855585,24821,835.5367847411444,306642,37.90735694822888,13912
BBCWorld,4,0,1165,136.0961373390558,158552,31.767381974248927,37009,193.81459227467812,225794,23.48755364806867,27363
BBCWorld,4,1,137,119.21167883211679,16332,25.62043795620438,3510,203.78832116788323,27919,22.0,3014
BBCWorld,5,0,1316,155.82826747720364,205070,36.82446808510638,48461,243.74240121580547,320765,30.628419452887538,40307
BBCWorld,5,1,134,170.27611940298507,22817,34.28358208955224,4594,281.1194029850746,37670,32.156716417910445,4309
BBCWorld,6,0,1205,135.48547717842322,163260,38.67966804979253,46609,213.9020746887967,257752,28.43485477178423,34264
BBCWorld,6,1,134,163.3955223880597,21895,36.149253731343286,4844,268.42537313432837,35969,31.32089552238806,4197
BBCWorld,7,0,1385,160.57617328519856,222398,41.898916967509024,58030,264.5812274368231,366445,47.62093862815885,65955
BBCWorld,7,1,134,208.3507462686567,27919,48.97014925373134,6562,388.47014925373134,52055,34.66417910447761,4645
BBCWorld,8,0,1319,166.33131159969673,219391,37.93479909021986,50036,297.69446550416984,392659,27.623957543593633,36436
BBCWorld,8,1,149,178.7718120805369,26637,42.369127516778526,6313,328.51006711409394,48948,28.651006711409394,4269
BBCWorld,9,0,1248,164.40064102564102,205172,42.68910256410256,53276,248.03926282051282,309553,27.32451923076923,34101
BBCWorld,9,1,141,254.36170212765958,35865,40.666666666666664,5734,370.39716312056737,52226,33.56737588652482,4733
BBCWorld,10,0,1246,167.4341894060995,208623,44.85072231139647,55884,251.36677367576243,313203,29.045746388443018,36191
BBCWorld,10,1,153,170.22222222222223,26044,38.3202614379085,5863,280.41830065359477,42904,27.88888888888889,4267
BBCWorld,11,0,1306,138.67228177641653,181106,39.68147013782542,51824,219.28790199081163,286390,27.38820826952527,35769
BBCWorld,11,1,143,141.55944055944056,20243,32.20979020979021,4606,230.4125874125874,32949,23.097902097902097,3303
BBCWorld,12,0,1197,132.63742690058479,158767,36.7593984962406,44001,217.00835421888053,259759,21.10192147034252,25259
BBCWorld,12,1,139,207.70503597122303,28871,46.9136690647482,6521,356.8201438848921,49598,25.071942446043167,3485
BreitbartNews,6,0,271,84.08856088560886,22788,61.22878228782288,16593,207.19926199261994,56151,12.937269372693727,3506
BreitbartNews,6,1,311,98.40514469453376,30604,77.21543408360128,24014,220.33762057877814,68525,15.016077170418006,4670
BreitbartNews,7,0,515,127.28155339805825,65550,85.23106796116505,43894,295.3747572815534,152118,17.658252427184465,9094
BreitbartNews,7,1,617,142.53646677471636,87945,102.84116693679093,63453,315.4667747163695,194643,20.236628849270666,12486
BreitbartNews,8,0,514,201.18482490272373,103409,140.84824902723736,72396,418.0817120622568,214894,28.980544747081712,14896
BreitbartNews,8,1,670,193.65671641791045,129750,144.0910447761194,96541,399.29402985074626,267527,27.16417910447761,18200
BreitbartNews,9,0,492,202.7357723577236,99746,154.96138211382114,76241,428.2439024390244,210696,26.84552845528455,13208
BreitbartNews,9,1,579,260.22279792746116,150669,193.43523316062175,111999,560.6459412780656,324614,33.15544041450777,19197
BreitbartNews,10,0,478,229.22803347280336,109571,164.32635983263597,78548,475.47071129707115,227275,26.794979079497907,12808
BreitbartNews,10,1,585,301.28205128205127,176250,190.5059829059829,111446,657.4273504273505,384595,33.27521367521368,19466
BreitbartNews,11,0,413,212.03874092009684,87572,150.76513317191282,62266,465.0411622276029,192062,24.634382566585955,10174
BreitbartNews,11,1,508,219.4704724409449,111491,141.04921259842519,71653,477.4271653543307,242533,23.968503937007874,12176
BreitbartNews,12,0,444,170.99099099099098,75920,152.38513513513513,67659,434.2049549549549,192787,22.765765765765767,10108
BreitbartNews,12,1,481,191.3991683991684,92063,146.78794178794178,70605,474.4760914760915,228223,22.463617463617464,10805
CBSNews,1,0,2056,109.9421206225681,226041,41.04912451361868,84397,181.76605058365757,373711,23.419260700389106,48150
CBSNews,1,1,399,119.09273182957394,47518,39.423558897243105,15730,225.66917293233084,90042,19.664160401002505,7846
CBSNews,2,0,1807,100.36137244050913,181353,45.28555617044826,81831,151.33314886552296,273459,24.220807969009407,43767
CBSNews,2,1,237,71.20675105485232,16876,29.185654008438817,6917,121.16455696202532,28716,33.856540084388186,8024
CBSNews,3,0,2301,77.64232942199044,178655,41.28335506301608,94993,116.5858322468492,268264,17.251195132551064,39695
CBSNews,3,1,377,126.11936339522546,47547,45.07427055702918,16993,224.58620689655172,84669,26.90185676392573,10142
CBSNews,4,0,2450,70.6938775510204,173200,34.773061224489794,85194,97.52612244897959,238939,17.859591836734694,43756
CBSNews,4,1,307,55.16938110749186,16937,22.7557003257329,6986,98.80456026058631,30333,11.498371335504887,3530
CBSNews,5,0,2704,75.31028106508876,203639,38.02514792899408,102820,105.4844674556213,285230,19.602810650887573,53006
CBSNews,5,1,302,67.22847682119205,20303,30.443708609271525,9194,114.88741721854305,34696,15.85430463576159,4788
CBSNews,6,0,2759,91.01920985864443,251122,35.645523740485686,98346,138.59623051830374,382387,23.46901051105473,64751
CBSNews,6,1,263,118.66539923954373,31209,40.39163498098859,10623,189.6045627376426,49866,22.437262357414447,5901
CBSNews,7,0,2739,56.6078860898138,155049,36.341000365096754,99538,90.11938663745893,246837,17.36838262139467,47572
CBSNews,7,1,237,63.46413502109704,15041,31.30801687763713,7420,121.45147679324894,28784,13.843881856540085,3281
CBSNews,8,0,2856,70.15721288515407,200369,37.049369747899156,105813,105.77871148459384,302104,21.735994397759104,62078
CBSNews,8,1,368,85.32336956521739,31399,29.5625,10879,142.5679347826087,52465,19.02173913043478,7000
CBSNews,9,0,2682,66.73639075316927,178987,32.08016405667412,86039,97.07457121551082,260354,13.2524235645041,35543
CBSNews,9,1,272,93.3125,25381,20.985294117647058,5708,148.02573529411765,40263,12.088235294117647,3288
CBSNews,10,0,2780,66.90863309352518,186006,37.74640287769784,104935,106.07158273381295,294879,17.221942446043165,47877
CBSNews,10,1,305,54.82622950819672,16722,21.37049180327869,6518,90.54754098360655,27617,8.783606557377048,2679
CBSNews,11,0,2737,57.925100474972595,158541,33.385458531238584,91376,87.24808184143222,238798,18.67409572524662,51111
CBSNews,11,1,360,47.05555555555556,16940,27.377777777777776,9856,77.475,27891,11.808333333333334,4251
CBSNews,12,0,2622,56.85087719298246,149063,32.853165522501904,86141,96.10526315789474,251988,12.98932112890923,34058
CBSNews,12,1,343,50.011661807580175,17154,23.026239067055393,7898,96.25072886297376,33014,8.049562682215743,2761
CNN,1,0,3284,442.58008526187575,1453433,136.14646772228988,447105,893.3276492082825,2933688,95.69305724725945,314256
CNN,1,1,816,498.1875,406521,99.16053921568627,80915,992.156862745098,809600,91.5845588235294,74733
CNN,2,0,2848,409.3065308988764,1165705,167.93363764044943,478275,874.1113061797753,2489469,103.40625,294501
CNN,2,1,712,428.52106741573033,305107,135.13623595505618,96217,1000.9564606741573,712681,85.66151685393258,60991
CNN,3,0,3405,310.57856093979444,1057520,141.5964757709251,482136,625.0895741556534,2128430,70.63348017621145,240507
CNN,3,1,799,326.7221526908636,261051,100.39549436795996,80216,669.1927409261577,534685,67.04255319148936,53567
CNN,4,0,2973,313.17221661621255,931061,117.44029599730912,349150,593.6367305751766,1764882,63.514295324587955,188828
CNN,4,1,689,342.97822931785197,236312,82.40928882438317,56780,713.8722786647315,491858,70.31349782293178,48446
CNN,5,0,3449,365.65294288199476,1261137,142.58567700782837,491778,740.0617570310235,2552473,69.93186430849522,241195
CNN,5,1,704,329.8011363636364,232180,130.8849431818182,92143,712.5383522727273,501627,71.46448863636364,50311
CNN,6,0,3544,247.44215575620768,876935,148.06602708803612,524746,533.3109480812641,1890054,59.57110609480813,211120
CNN,6,1,714,241.49299719887955,172426,123.22689075630252,87984,581.5854341736695,415252,76.6470588235294,54726
CNN,7,0,3342,206.75284260921603,690968,164.69449431478156,550409,459.8153800119689,1536703,56.474566128067025,188738
CNN,7,1,795,226.12075471698114,179766,127.81509433962265,101613,516.5056603773585,410622,51.84905660377358,41220
CNN,8,0,3382,259.182436428149,876555,149.0505617977528,504089,591.2392075694855,1999571,57.3929627439385,194103
CNN,8,1,798,406.140350877193,324100,143.95363408521303,114875,874.2518796992481,697653,84.43358395989975,67378
CNN,9,0,3244,284.6229963008631,923317,118.24815043156597,383597,575.8905672009864,1868189,50.847410604192355,164949
CNN,9,1,790,280.54556962025316,221631,98.78354430379747,78039,573.093670886076,452744,47.3873417721519,37436
CNN,10,0,3109,237.43936957220973,738199,134.20263750402057,417236,510.8639433901576,1588276,52.2975233193953,162593
CNN,10,1,692,264.28757225433526,182887,121.17341040462428,83852,631.4132947976879,436938,53.08092485549133,36732
CNN,11,0,3123,201.06532180595582,627927,115.65994236311239,361206,456.86519372398334,1426790,48.60198527057317,151784
CNN,11,1,703,195.87766714082503,137702,108.30440967283073,76138,448.79943100995735,315506,57.71977240398293,40577
CNN,12,0,3007,239.73794479547723,720892,134.9527768540073,405803,595.2234785500499,1789837,57.44562687063519,172739
CNN,12,1,874,276.48970251716247,241652,105.87986270022883,92539,714.3306636155606,624325,45.91762013729977,40132
FoxNews,1,0,2634,304.45330296127565,801930,183.93697798025815,484490,1009.9635535307517,2660244,52.11465451784358,137270
FoxNews,1,1,781,356.4110115236876,278357,195.36747759282972,152582,1315.96542893726,1027769,50.71702944942381,39610
FoxNews,2,0,2336,345.52910958904107,807156,229.58133561643837,536302,1159.8390410958905,2709384,58.6228595890411,136943
FoxNews,2,1,675,436.89185185185187,294902,244.0311111111111,164721,1681.368888888889,1134924,56.41037037037037,38077
FoxNews,3,0,2640,289.2526515151515,763627,191.4537878787879,505438,875.3325757575758,2310878,42.13939393939394,111248
FoxNews,3,1,857,370.022170361727,317109,218.29638273045506,187080,1208.5507584597433,1035728,45.2730455075846,38799
FoxNews,4,0,2179,257.21753097751264,560477,162.43827443781552,353953,726.9628269848554,1584052,40.11656723267554,87414
FoxNews,4,1,239,300.6192468619247,71848,190.3765690376569,45500,997.468619246862,238395,40.14644351464435,9595
FoxNews,5,0,2305,226.77223427331887,522710,184.72104121475056,425782,637.197830802603,1468741,39.826898047722345,91801
FoxNews,5,1,200,364.235,72847,228.735,45747,1170.47,234094,50.95,10190
FoxNews,6,0,2428,248.42298187808896,603171,201.62602965403624,489548,708.9283360790774,1721278,40.779242174629324,99012
FoxNews,6,1,302,315.2086092715232,95193,193.56291390728478,58456,985.4271523178808,297599,37.02980132450331,11183
FoxNews,7,0,2625,242.92190476190476,637670,192.61447619047618,505613,701.3805714285714,1841124,37.664,98868
FoxNews,7,1,322,227.0527950310559,73111,173.27950310559007,55796,772.0652173913044,248605,36.816770186335404,11855
FoxNews,8,0,3198,223.80550343964978,715730,194.78705440900563,622929,635.3642901813633,2031895,36.25359599749844,115939
FoxNews,8,1,438,266.76027397260276,116841,205.68949771689498,90092,871.0707762557078,381529,38.5662100456621,16892
FoxNews,9,0,2649,213.32049830124575,565086,193.44469611174029,512435,629.9667799169498,1668782,34.62249905624764,91715
FoxNews,9,1,386,206.0,79516,179.08549222797927,69127,692.2253886010362,267199,40.733160621761655,15723
FoxNews,10,0,2787,257.89486903480446,718753,233.4768568353068,650700,758.4298528884104,2113744,40.132400430570506,111849
FoxNews,10,1,301,315.2624584717608,94894,242.96345514950167,73132,973.2524916943522,292949,42.59136212624585,12820
FoxNews,11,0,2692,173.8781575037147,468080,184.85846953937593,497639,497.03677563150075,1338023,32.01151560178306,86175
FoxNews,11,1,355,187.30704225352113,66494,188.1549295774648,66795,607.3690140845071,215616,32.78591549295775,11639
FoxNews,12,0,2817,196.29783457578984,552971,195.59637912673057,550995,594.6727014554491,1675193,32.57756478523252,91771
FoxNews,12,1,420,215.0452380952381,90319,177.3190476190476,74474,739.6880952380952,310669,25.82857142857143,10848
HuffPost,3,0,953,153.51626442812173,146301,56.41448058761805,53763,321.0167890870934,305929,36.47429171038825,34760
HuffPost,3,1,246,111.09349593495935,27329,26.134146341463413,6429,235.3170731707317,57888,28.869918699186993,7102
HuffPost,4,0,1165,114.36652360515022,133237,42.51502145922747,49530,253.67210300429184,295528,25.21716738197425,29378
HuffPost,4,1,381,75.249343832021,28670,23.19685039370079,8838,194.95275590551182,74277,15.808398950131233,6023
HuffPost,5,0,246,134.65853658536585,33126,55.10162601626016,13555,263.4756097560976,64815,31.170731707317074,7668
HuffPost,5,1,121,92.29752066115702,11168,26.024793388429753,3149,216.86776859504133,26241,16.082644628099175,1946
HuffPost,6,0,283,148.38162544169612,41992,55.685512367491164,15759,321.63250883392226,91022,79.03533568904594,22367
HuffPost,6,1,114,84.30701754385964,9611,21.157894736842106,2412,195.69298245614036,22309,10.894736842105264,1242
HuffPost,7,0,674,99.1320474777448,66815,55.02967359050445,37090,246.97774480712167,166463,27.94213649851632,18833
HuffPost,7,1,151,63.503311258278146,9589,41.80794701986755,6313,190.9271523178808,28830,29.132450331125828,4399
HuffPost,8,0,872,117.94954128440367,102852,60.12614678899082,52430,324.94380733944956,283351,29.42775229357798,25661
HuffPost,8,1,230,85.22608695652174,19602,38.917391304347824,8951,228.47826086956522,52550,21.821739130434782,5019
HuffPost,9,0,907,120.53583241455347,109326,71.1135611907387,64500,330.0143329658214,299323,41.3406835722161,37496
HuffPost,9,1,241,73.95435684647303,17823,26.016597510373444,6270,210.05809128630705,50624,14.232365145228215,3430
HuffPost,10,0,929,136.53390742734123,126840,60.82777179763186,56509,385.1453175457481,357800,23.533907427341227,21863
HuffPost,10,1,220,68.00454545454545,14961,24.663636363636364,5426,193.99545454545455,42679,12.122727272727273,2667
HuffPost,11,0,922,84.31887201735358,77742,50.57809110629067,46633,205.2819956616052,189270,29.03470715835141,26770
HuffPost,11,1,211,96.33175355450237,20326,30.165876777251185,6365,248.11848341232226,52353,13.753554502369669,2902
HuffPost,12,0,900,73.92333333333333,66531,47.705555555555556,42935,196.59555555555556,176936,19.82111111111111,17839
HuffPost,12,1,259,61.69111969111969,15978,22.571428571428573,5846,177.53667953667954,45982,27.594594594594593,7147
MSNBC,1,0,745,131.18120805369128,97730,85.80268456375839,63923,274.0912751677852,204198,26.64295302013423,19849
MSNBC,1,1,159,159.49056603773585,25359,75.49056603773585,12003,359.42767295597486,57149,21.50314465408805,3419
MSNBC,2,0,681,157.44787077826726,107222,120.52422907488987,82077,310.40822320117474,211388,31.57562408223201,21503
MSNBC,2,1,129,128.7984496124031,16615,109.96124031007751,14185,250.03100775193798,32254,22.503875968992247,2903
MSNBC,3,0,809,155.82694684796044,126064,119.3423980222497,96548,297.0803461063041,240338,27.359703337453645,22134
MSNBC,3,1,134,84.5,11323,112.4776119402985,15072,168.52985074626866,22583,23.111940298507463,3097
MSNBC,4,0,751,117.36617842876166,88142,102.11717709720372,76690,215.3195739014647,161705,20.197070572569906,15168
MSNBC,4,1,91,91.92307692307692,8365,95.52747252747253,8693,190.1098901098901,17300,15.857142857142858,1443
MSNBC,5,0,789,144.723700887199,114187,107.07984790874525,84486,274.93029150823827,216920,20.6489226869455,16292
MSNBC,5,1,132,163.86363636363637,21630,114.57575757575758,15124,305.5378787878788,40331,79.51515151515152,10496
MSNBC,6,0,782,121.59974424552429,95091,125.2685421994885,97960,258.87595907928386,202441,20.074168797953963,15698
MSNBC,6,1,106,100.29245283018868,10631,140.5566037735849,14899,230.10377358490567,24391,24.10377358490566,2555
MSNBC,7,0,713,130.0883590462833,92753,145.2328190743338,103551,271.6647966339411,193697,23.720897615708274,16913
MSNBC,7,1,87,96.91954022988506,8432,113.63218390804597,9886,203.54022988505747,17708,19.448275862068964,1692
MSNBC,8,0,744,131.34543010752688,97721,143.56720430107526,106814,294.10349462365593,218813,22.338709677419356,16620
MSNBC,8,1,75,106.49333333333334,7987,97.74666666666667,7331,237.45333333333335,17809,12.773333333333333,958
MSNBC,9,0,711,143.9057665260197,102317,110.0534458509142,78248,291.38396624472574,207174,19.454289732770746,13832
MSNBC,9,1,101,181.75247524752476,18357,85.5940594059406,8645,435.76237623762376,44012,15.396039603960396,1555
MSNBC,10,0,630,151.35714285714286,95355,134.6968253968254,84859,328.6793650793651,207068,24.21904761904762,15258
MSNBC,10,1,93,141.58064516129033,13167,144.03225806451613,13395,313.13978494623655,29122,47.29032258064516,4398
MSNBC,11,0,776,116.69072164948453,90552,89.9278350515464,69784,243.63659793814432,189062,15.029639175257731,11663
MSNBC,11,1,113,87.20353982300885,9854,102.73451327433628,11609,188.78761061946904,21333,12.415929203539823,1403
MSNBC,12,0,804,129.1679104477612,103851,97.0087064676617,77995,265.202736318408,213223,14.685323383084578,11807
MSNBC,12,1,114,85.05263157894737,9696,80.76315789473684,9207,166.62280701754386,18995,9.903508771929825,1129
NBCNews,7,0,350,75.09142857142857,26282,60.09428571428571,21033,144.24285714285713,50485,33.54571428571428,11741
NBCNews,7,1,49,42.816326530612244,2098,30.877551020408163,1513,82.53061224489795,4044,13.653061224489797,669
NBCNews,8,0,1386,107.15440115440116,148516,68.09163059163059,94375,179.17243867243866,248333,33.30663780663781,46163
NBCNews,8,1,321,94.51090342679127,30338,51.64485981308411,16578,173.33021806853583,55639,42.87850467289719,13764
NBCNews,9,0,1381,109.65894279507603,151439,58.254887762490945,80450,174.61766835626358,241147,34.745112237509055,47983
NBCNews,9,1,266,58.45864661654135,15550,56.92857142857143,15143,110.8609022556391,29489,26.26691729323308,6987
NBCNews,10,0,1529,118.34466971877043,180949,74.77305428384565,114328,197.0909090909091,301352,48.41268803139307,74023
NBCNews,10,1,306,78.79738562091504,24112,62.06535947712418,18992,158.98366013071896,48649,47.6797385620915,14590
NBCNews,11,0,1559,89.03720333547146,138809,55.57216164207826,86637,159.0647851186658,247982,21.795381654906993,33979
NBCNews,11,1,308,48.03896103896104,14796,40.107142857142854,12353,96.14935064935065,29614,14.46103896103896,4454
NBCNews,12,0,1646,80.79951397326853,132996,49.23572296476306,81042,144.65674362089914,238105,16.93742405832321,27879
NBCNews,12,1,330,44.61818181818182,14724,25.933333333333334,8558,92.9,30657,10.433333333333334,3443
NPR,7,0,73,94.75342465753425,6917,20.506849315068493,1497,195.1917808219178,14249,19.19178082191781,1401
NPR,7,1,42,94.95238095238095,3988,15.738095238095237,661,243.21428571428572,10215,16.547619047619047,695
NPR,8,0,1213,113.96125309150865,138235,25.490519373454244,30920,212.76174773289364,258080,20.33058532563891,24661
NPR,8,1,357,138.6918767507003,49513,20.425770308123248,7292,244.1624649859944,87166,23.683473389355743,8455
NPR,9,0,1132,117.27915194346289,132760,21.18286219081272,23979,194.52120141342755,220198,19.228798586572438,21767
NPR,9,1,344,86.50290697674419,29757,15.287790697674419,5259,167.86337209302326,57745,12.758720930232558,4389
NPR,10,0,1138,111.8224956063269,127254,23.127416520210897,26319,208.07029876977154,236784,22.0597539543058,25104
NPR,10,1,320,88.484375,28315,13.65,4368,172.65,55248,13.58125,4346
NPR,11,0,1221,102.15642915642916,124733,22.51760851760852,27494,186.86732186732186,228165,18.380835380835382,22443
NPR,11,1,310,86.73548387096774,26888,18.39032258064516,5701,171.7258064516129,53235,13.92258064516129,4316
NPR,12,0,1266,114.08293838862559,144429,24.977883096366508,31622,211.47235387045814,267724,22.04739336492891,27912
NPR,12,1,396,100.38888888888889,39754,22.045454545454547,8730,182.83080808080808,72401,19.974747474747474,7910
WSJ,1,0,2809,63.73834104663581,179041,16.696689213243147,46901,81.25453898184408,228244,16.987184051263796,47717
WSJ,1,1,463,53.67818574514039,24853,9.557235421166308,4425,82.57019438444924,38230,13.473002159827214,6238
WSJ,2,0,2655,63.29604519774011,168051,19.81431261770245,52607,84.16459510357815,223457,18.119020715630885,48106
WSJ,2,1,437,45.892448512585815,20055,12.501144164759726,5463,71.18535469107552,31108,14.414187643020595,6299
WSJ,3,0,3142,59.56842775302355,187164,14.15404201145767,44472,76.18586887332908,239376,14.839592616168046,46626
WSJ,3,1,507,45.001972386587774,22816,8.126232741617358,4120,67.86785009861933,34409,11.627218934911243,5895
WSJ,4,0,2734,52.91880029261156,144680,15.591075347476226,42626,67.36320409656182,184171,10.136064374542794,27712
WSJ,4,1,442,38.95475113122172,17218,8.570135746606335,3788,59.51131221719457,26304,7.389140271493213,3266
WSJ,5,0,3045,57.32118226600985,174543,15.453530377668308,47056,73.70673234811166,224437,10.411822660098522,31704
WSJ,5,1,555,41.11351351351351,22818,9.556756756756757,5304,63.924324324324324,35478,8.117117117117116,4505
WSJ,6,0,2907,52.86962504299966,153692,16.528723770209837,48049,74.3529411764706,216144,10.014447884416924,29112
WSJ,6,1,621,41.27858293075684,25634,10.52012882447665,6533,65.49436392914654,40672,8.650563607085346,5372
WSJ,7,0,3020,55.533112582781456,167710,17.379139072847682,52485,82.81953642384106,250115,11.330463576158941,34218
WSJ,7,1,585,40.054700854700855,23432,12.617094017094017,7381,68.3982905982906,40013,10.594871794871795,6198
WSJ,8,0,3071,60.31813741452296,185237,18.489742754802997,56782,90.78638879843699,278805,13.125040703353957,40307
WSJ,8,1,666,61.83783783783784,41184,14.87087087087087,9904,119.5945945945946,79650,18.345345345345347,12218
WSJ,9,0,3110,51.83858520900321,161218,15.288745980707395,47548,76.93633440514469,239272,10.570418006430868,32874
WSJ,9,1,712,47.473314606741575,33801,11.633426966292134,8283,88.02247191011236,62672,11.79634831460674,8399
WSJ,10,0,3411,46.647024333040164,159113,14.60773966578716,49827,68.74758135444151,234498,8.828789211374964,30115
WSJ,10,1,754,39.58753315649867,29849,12.86737400530504,9702,68.76790450928382,51851,9.652519893899203,7278
WSJ,11,0,3244,40.1288532675709,130178,12.967940813810111,42068,61.99691738594328,201118,8.074907521578298,26195
WSJ,11,1,680,34.595588235294116,23525,9.261764705882353,6298,78.87058823529412,53632,7.510294117647059,5107
WSJ,12,0,2876,44.551808066759385,128131,15.25625869262865,43877,76.00904033379695,218602,8.986787204450627,25846
WSJ,12,1,826,41.81113801452784,34536,10.368038740920097,8564,80.0181598062954,66095,7.72639225181598,6382
nytimes,1,0,2372,333.0358347386172,789961,72.16483979763912,171175,548.6420741989882,1301379,65.54595278246205,155475
nytimes,1,1,889,211.83577052868392,188322,41.425196850393704,36827,420.7424071991001,374040,35.295838020247466,31378
nytimes,2,0,2135,386.67962529274007,825561,90.04683840749415,192250,673.0360655737705,1436932,74.85948477751757,159825
nytimes,2,1,843,222.5005931198102,187568,45.36654804270463,38244,449.90272835112694,379268,38.93238434163701,32820
nytimes,3,0,2371,297.68958245466047,705822,74.25601012231127,176061,475.5643188528047,1127563,52.967946014339944,125587
nytimes,3,1,900,184.67777777777778,166210,37.35888888888889,33623,364.29,327861,32.80555555555556,29525
nytimes,4,0,2234,245.3822739480752,548184,61.32766338406446,137006,397.1378692927484,887206,42.46105640107431,94858
nytimes,4,1,808,137.9789603960396,111487,30.603960396039604,24728,276.0779702970297,223071,23.157178217821784,18711
nytimes,5,0,2371,317.04723745255166,751719,73.17292281737663,173493,493.8228595529313,1170854,54.42935470265711,129052
nytimes,5,1,859,185.69732246798603,159514,37.165308498253786,31925,351.15832363213036,301645,31.51920838183935,27075
nytimes,6,0,2192,228.56204379562044,501008,65.67381386861314,143957,402.45118613138686,882173,39.231295620437955,85995
nytimes,6,1,854,148.47892271662764,126801,42.77049180327869,36526,310.61475409836066,265265,26.304449648711945,22464
nytimes,7,0,2167,275.34425473004154,596671,78.55514536225196,170229,487.9723119520074,1057436,57.86617443470235,125396
nytimes,7,1,908,168.84801762114537,153314,48.713656387665196,44232,352.5484581497797,320114,31.28303964757709,28405
nytimes,8,0,2209,250.94386600271616,554335,78.1349026708918,172600,475.6989588048891,1050819,49.28972385694885,108881
nytimes,8,1,999,237.52852852852854,237291,44.410410410410414,44366,596.6136136136137,596017,31.69269269269269,31661
nytimes,9,0,2119,283.89806512505896,601580,70.54318074563473,149481,506.0047192071732,1072224,50.52666352052855,107066
nytimes,9,1,925,200.89081081081082,185824,41.78594594594595,38652,417.3945945945946,386090,31.605405405405406,29235
nytimes,10,0,2015,267.17816377171215,538364,69.43722084367246,139916,479.7617866004963,966720,47.80794044665012,96333
nytimes,10,1,920,201.4467391304348,185331,52.073913043478264,47908,414.87282608695654,381683,41.30652173913043,38002
nytimes,11,0,1912,221.85774058577405,424192,69.77144351464435,133403,405.5862970711297,775481,46.71338912133891,89316
nytimes,11,1,986,133.03346855983773,131171,49.61866125760649,48924,300.58012170385393,296372,34.66632860040568,34181
nytimes,12,0,1857,257.073774905762,477386,71.65697361335488,133067,478.4604200323102,888501,51.019386106623585,94743
nytimes,12,1,1101,149.87284287011806,165010,33.776566757493185,37188,329.62761126248864,362920,26.67574931880109,29370
washingtonpost,1,0,2984,189.34182305630026,564996,53.1514745308311,158604,270.8495308310992,808215,35.98894101876676,107391
washingtonpost,1,1,982,108.86761710794298,106908,33.93380855397149,33323,167.1089613034623,164101,21.615071283095723,21226
washingtonpost,2,0,3037,233.8811326967402,710297,64.94995060915377,197253,379.63417846559105,1152949,43.19756338491933,131191
washingtonpost,2,1,864,144.08449074074073,124489,36.498842592592595,31535,250.65509259259258,216566,23.247685185185187,20086
washingtonpost,3,0,3054,198.81827111984282,607191,60.817288801571706,185736,288.00916830386376,879580,37.74459724950884,115272
washingtonpost,3,1,864,129.13194444444446,111570,40.958333333333336,35388,192.66782407407408,166465,28.949074074074073,25012
washingtonpost,4,0,2553,152.49862906384647,389329,53.55699177438308,136731,209.73717195456325,535459,27.788875832354094,70945
washingtonpost,4,1,851,109.87191539365452,93501,34.72502937720329,29551,177.4618096357227,151020,17.65922444183314,15028
washingtonpost,5,0,2974,225.73234700739744,671328,72.953261600538,216963,321.20780094149296,955272,42.644586415601886,126825
washingtonpost,5,1,864,136.20833333333334,117684,46.651620370370374,40307,229.67939814814815,198443,22.42361111111111,19374
washingtonpost,6,0,2943,173.93679918450562,511896,67.10737342847435,197497,272.4590553856609,801847,32.76146788990825,96417
washingtonpost,6,1,921,113.7557003257329,104769,45.65363735070576,42047,187.0,172227,20.564603691639523,18940
washingtonpost,7,0,2839,196.8316308559352,558805,75.36597393448397,213964,315.9707643536457,897041,37.62205001761183,106809
washingtonpost,7,1,793,117.45018915510718,93138,45.40983606557377,36010,204.58385876418663,162235,20.186633039092055,16008
washingtonpost,8,0,3055,199.84779050736498,610535,79.57774140752865,243110,360.2720130932897,1100631,33.668412438625204,102857
washingtonpost,8,1,927,127.32901833872708,118034,52.99244875943905,49124,239.79935275080905,222294,20.908306364617044,19382
washingtonpost,9,0,2985,152.68107202680068,455753,61.92060301507538,184833,265.7932998324958,793393,25.77386934673367,76935
washingtonpost,9,1,1038,109.126204238921,113273,43.99132947976879,45663,203.30346820809248,211029,18.90751445086705,19626
washingtonpost,10,0,2903,171.0606269376507,496589,70.47674819152601,204594,298.49948329314503,866544,31.057871167757494,90161
washingtonpost,10,1,837,113.03225806451613,94608,40.94982078853047,34275,195.56033452807645,163684,18.692951015531662,15646
washingtonpost,11,0,2745,148.0601092896175,406425,62.00728597449909,170210,249.8582877959927,685861,27.82622950819672,76383
washingtonpost,11,1,913,91.87623220153341,83883,44.856516976998904,40954,174.28477546549837,159122,23.16210295728368,21147
washingtonpost,12,0,2491,150.9518265756724,376021,67.40264953833801,167900,263.44640706543555,656245,31.062625451625852,77377
washingtonpost,12,1,932,82.02467811158799,76447,44.0568669527897,41061,169.90772532188842,158354,16.929184549356222,15778
